交易时间,涨停家数（去ST）
2018-01-02,34
2018-01-03,48
2018-01-04,39
2018-01-05,29
2018-01-08,41
2018-01-09,38
2018-01-10,47
2018-01-11,55
2018-01-12,32
2018-01-15,28
2018-01-16,58
2018-01-17,40
2018-01-18,39
2018-01-19,38
2018-01-22,38
2018-01-23,46
2018-01-24,39
2018-01-25,26
2018-01-26,23
2018-01-29,23
2018-01-30,30
2018-01-31,25
2018-02-01,19
2018-02-02,25
2018-02-05,28
2018-02-06,14
2018-02-07,42
2018-02-08,50
2018-02-09,21
2018-02-12,83
2018-02-13,31
2018-02-14,29
2018-02-22,42
2018-02-23,29
2018-02-26,53
2018-02-27,54
2018-02-28,34
2018-03-01,72
2018-03-02,36
2018-03-05,48
2018-03-06,57
2018-03-07,37
2018-03-08,66
2018-03-09,72
2018-03-12,64
2018-03-13,34
2018-03-14,15
2018-03-15,21
2018-03-16,45
2018-03-19,39
2018-03-20,57
2018-03-21,46
2018-03-22,56
2018-03-23,35
2018-03-26,68
2018-03-27,102
2018-03-28,51
2018-03-29,55
2018-03-30,74
2018-04-02,73
2018-04-03,50
2018-04-04,59
2018-04-09,75
2018-04-10,53
2018-04-11,62
2018-04-12,47
2018-04-13,28
2018-04-16,48
2018-04-17,19
2018-04-18,45
2018-04-19,26
2018-04-20,21
2018-04-23,29
2018-04-24,87
2018-04-25,58
2018-04-26,32
2018-04-27,22
2018-05-02,27
2018-05-03,57
2018-05-04,35
2018-05-07,64
2018-05-08,66
2018-05-09,47
2018-05-10,62
2018-05-11,28
2018-05-14,21
2018-05-15,53
2018-05-16,33
2018-05-17,34
2018-05-18,42
2018-05-21,56
2018-05-22,49
2018-05-23,30
2018-05-24,38
2018-05-25,43
2018-05-28,45
2018-05-29,40
2018-05-30,22
2018-05-31,63
2018-06-01,26
2018-06-04,27
2018-06-05,47
2018-06-06,39
2018-06-07,25
2018-06-08,24
2018-06-11,34
2018-06-12,37
2018-06-13,29
2018-06-14,41
2018-06-15,21
2018-06-19,14
2018-06-20,50
2018-06-21,21
2018-06-22,57
2018-06-25,55
2018-06-26,56
2018-06-27,47
2018-06-28,38
2018-06-29,94
2018-07-02,47
2018-07-03,66
2018-07-04,39
2018-07-05,25
2018-07-06,38
2018-07-09,64
2018-07-10,66
2018-07-11,33
2018-07-12,85
2018-07-13,46
2018-07-16,47
2018-07-17,59
2018-07-18,50
2018-07-19,34
2018-07-20,49
2018-07-23,52
2018-07-24,75
2018-07-25,64
2018-07-26,76
2018-07-27,46
2018-07-30,28
2018-07-31,36
2018-08-01,29
2018-08-02,29
2018-08-03,29
2018-08-06,22
2018-08-07,50
2018-08-08,32
2018-08-09,63
2018-08-10,40
2018-08-13,41
2018-08-14,34
2018-08-15,28
2018-08-16,20
2018-08-17,13
2018-08-20,30
2018-08-21,38
2018-08-22,19
2018-08-23,30
2018-08-24,28
2018-08-27,37
2018-08-28,28
2018-08-29,22
2018-08-30,13
2018-08-31,20
2018-09-03,36
2018-09-04,51
2018-09-05,36
2018-09-06,33
2018-09-07,44
2018-09-10,26
2018-09-11,28
2018-09-12,24
2018-09-13,35
2018-09-14,20
2018-09-17,24
2018-09-18,53
2018-09-19,42
2018-09-20,39
2018-09-21,31
2018-09-25,23
2018-09-26,37
2018-09-27,17
2018-09-28,26
2018-10-08,20
2018-10-09,33
2018-10-10,41
2018-10-11,20
2018-10-12,42
2018-10-15,42
2018-10-16,31
2018-10-17,53
2018-10-18,25
2018-10-19,59
2018-10-22,199
2018-10-23,60
2018-10-24,51
2018-10-25,40
2018-10-26,55
2018-10-29,32
2018-10-30,69
2018-10-31,69
2018-11-01,61
2018-11-02,81
2018-11-05,81
2018-11-06,65
2018-11-07,50
2018-11-08,60
2018-11-09,56
2018-11-12,109
2018-11-13,103
2018-11-14,62
2018-11-15,98
2018-11-16,104
2018-11-19,101
2018-11-20,39
2018-11-21,48
2018-11-22,49
2018-11-23,16
2018-11-26,32
2018-11-27,40
2018-11-28,50
2018-11-29,24
2018-11-30,32
2018-12-03,77
2018-12-04,45
2018-12-05,33
2018-12-06,24
2018-12-07,27
2018-12-10,18
2018-12-11,42
2018-12-12,25
2018-12-13,27
2018-12-14,14
2018-12-17,29
2018-12-18,19
2018-12-19,20
2018-12-20,24
2018-12-21,17
2018-12-24,30
2018-12-25,38
2018-12-26,37
2018-12-27,20
2018-12-28,21
2019-01-02,31
2019-01-03,39
2019-01-04,72
2019-01-07,88
2019-01-08,47
2019-01-09,62
2019-01-10,48
2019-01-11,67
2019-01-14,42
2019-01-15,48
2019-01-16,33
2019-01-17,36
2019-01-18,32
2019-01-21,41
2019-01-22,32
2019-01-23,43
2019-01-24,43
2019-01-25,41
2019-01-28,23
2019-01-29,21
2019-01-30,19
2019-01-31,16
2019-02-01,44
2019-02-11,74
2019-02-12,68
2019-02-13,81
2019-02-14,49
2019-02-15,54
2019-02-18,119
2019-02-19,77
2019-02-20,62
2019-02-21,69
2019-02-22,136
2019-02-25,292
2019-02-26,98
2019-02-27,74
2019-02-28,52
2019-03-01,57
2019-03-04,136
2019-03-05,195
2019-03-06,184
2019-03-07,222
2019-03-08,68
2019-03-11,247
2019-03-12,160
2019-03-13,66
2019-03-14,37
2019-03-15,79
2019-03-18,91
2019-03-19,75
2019-03-20,76
2019-03-21,93
2019-03-22,92
2019-03-25,87
2019-03-26,44
2019-03-27,96
2019-03-28,50
2019-03-29,83
2019-04-01,167
2019-04-02,100
2019-04-03,107
2019-04-04,91
2019-04-08,115
2019-04-09,91
2019-04-10,90
2019-04-11,65
2019-04-12,50
2019-04-15,41
2019-04-16,93
2019-04-17,100
2019-04-18,59
2019-04-19,76
2019-04-22,54
2019-04-23,42
2019-04-24,70
2019-04-25,26
2019-04-26,50
2019-04-29,28
2019-04-30,57
2019-05-06,23
2019-05-07,97
2019-05-08,65
2019-05-09,39
2019-05-10,115
2019-05-13,58
2019-05-14,53
2019-05-15,103
2019-05-16,75
2019-05-17,45
2019-05-20,54
2019-05-21,75
2019-05-22,59
2019-05-23,39
2019-05-24,45
2019-05-27,93
2019-05-28,65
2019-05-29,67
2019-05-30,52
2019-05-31,67
2019-06-03,41
2019-06-04,35
2019-06-05,61
2019-06-06,25
2019-06-10,73
2019-06-11,118
2019-06-12,61
2019-06-13,78
2019-06-14,23
2019-06-17,45
2019-06-18,45
2019-06-19,88
2019-06-20,66
2019-06-21,135
2019-06-24,73
2019-06-25,48
2019-06-26,43
2019-06-27,59
2019-06-28,29
2019-07-01,104
2019-07-02,30
2019-07-03,27
2019-07-04,28
2019-07-05,44
2019-07-08,22
2019-07-09,35
2019-07-10,30
2019-07-11,34
2019-07-12,33
2019-07-15,43
2019-07-16,39
2019-07-17,41
2019-07-18,22
2019-07-19,24
2019-07-22,11
2019-07-23,46
2019-07-24,44
2019-07-25,32
2019-07-26,34
2019-07-29,31
2019-07-30,36
2019-07-31,27
2019-08-01,30
2019-08-02,24
2019-08-05,39
2019-08-06,26
2019-08-07,34
2019-08-08,35
2019-08-09,21
2019-08-12,47
2019-08-13,26
2019-08-14,41
2019-08-15,36
2019-08-16,41
2019-08-19,103
2019-08-20,55
2019-08-21,39
2019-08-22,50
2019-08-23,47
2019-08-26,41
2019-08-27,69
2019-08-28,64
2019-08-29,48
2019-08-30,38
2019-09-02,82
2019-09-03,56
2019-09-04,57
2019-09-05,61
2019-09-06,41
2019-09-09,90
2019-09-10,56
2019-09-11,38
2019-09-12,47
2019-09-16,43
2019-09-17,32
2019-09-18,38
2019-09-19,54
2019-09-20,42
2019-09-23,37
2019-09-24,46
2019-09-25,32
2019-09-26,29
2019-09-27,49
2019-09-30,15
2019-10-08,38
2019-10-09,35
2019-10-10,56
2019-10-11,48
2019-10-14,69
2019-10-15,41
2019-10-16,29
2019-10-17,26
2019-10-18,32
2019-10-21,34
2019-10-22,44
2019-10-23,35
2019-10-24,28
2019-10-25,34
2019-10-28,151
2019-10-29,44
2019-10-30,29
2019-10-31,19
2019-11-01,34
2019-11-04,28
2019-11-05,23
2019-11-06,24
2019-11-07,36
2019-11-08,34
2019-11-11,23
2019-11-12,32
2019-11-13,30
2019-11-14,42
2019-11-15,30
2019-11-18,39
2019-11-19,59
2019-11-20,37
2019-11-21,33
2019-11-22,27
2019-11-25,40
2019-11-26,27
2019-11-27,23
2019-11-28,26
2019-11-29,28
2019-12-02,30
2019-12-03,36
2019-12-04,28
2019-12-05,37
2019-12-06,46
2019-12-09,30
2019-12-10,43
2019-12-11,35
2019-12-12,33
2019-12-13,38
2019-12-16,61
2019-12-17,53
2019-12-18,56
2019-12-19,55
2019-12-20,46
2019-12-23,25
2019-12-24,54
2019-12-25,44
2019-12-26,53
2019-12-27,44
2019-12-30,46
2019-12-31,50
2020-01-02,84
2020-01-03,60
2020-01-06,77
2020-01-07,83
2020-01-08,52
2020-01-09,64
2020-01-10,41
2020-01-13,67
2020-01-14,55
2020-01-15,41
2020-01-16,41
2020-01-17,38
2020-01-20,69
2020-01-21,55
2020-01-22,52
2020-01-23,26
2020-02-03,82
2020-02-04,155
2020-02-05,169
2020-02-06,244
2020-02-07,176
2020-02-10,150
2020-02-11,56
2020-02-12,116
2020-02-13,58
2020-02-14,65
2020-02-17,169
2020-02-18,131
2020-02-19,90
2020-02-20,115
2020-02-21,102
2020-02-24,160
2020-02-25,139
2020-02-26,85
2020-02-27,93
2020-02-28,46
2020-03-02,197
2020-03-03,103
2020-03-04,94
2020-03-05,147
2020-03-06,101
2020-03-09,84
2020-03-10,126
2020-03-11,77
2020-03-12,58
2020-03-13,71
2020-03-16,47
2020-03-17,70
2020-03-18,50
2020-03-19,74
2020-03-20,93
2020-03-23,43
2020-03-24,77
2020-03-25,99
2020-03-26,50
2020-03-27,42
2020-03-30,36
2020-03-31,61
2020-04-01,35
2020-04-02,90
2020-04-03,60
2020-04-07,142
2020-04-08,77
2020-04-09,94
2020-04-10,35
2020-04-13,49
2020-04-14,72
2020-04-15,52
2020-04-16,75
2020-04-17,48
2020-04-20,74
2020-04-21,59
2020-04-22,87
2020-04-23,72
2020-04-24,33
2020-04-27,46
2020-04-28,34
2020-04-29,48
2020-04-30,83
2020-05-06,95
2020-05-07,55
2020-05-08,70
2020-05-11,55
2020-05-12,54
2020-05-13,73
2020-05-14,48
2020-05-15,60
2020-05-18,65
2020-05-19,80
2020-05-20,67
2020-05-21,61
2020-05-22,45
2020-05-25,51
2020-05-26,103
2020-05-27,64
2020-05-28,53
2020-05-29,71
2020-06-01,133
2020-06-02,83
2020-06-03,84
2020-06-04,74
2020-06-05,57
2020-06-08,41
2020-06-09,56
2020-06-10,41
2020-06-11,50
2020-06-12,60
2020-06-15,72
2020-06-16,69
2020-06-17,66
2020-06-18,52
2020-06-19,60
2020-06-22,48
2020-06-23,49
2020-06-24,38
2020-06-29,49
2020-06-30,84
2020-07-01,63
2020-07-02,86
2020-07-03,91
2020-07-06,198
2020-07-07,119
2020-07-08,153
2020-07-09,194
2020-07-10,132
2020-07-13,224
2020-07-14,119
2020-07-15,77
2020-07-16,31
2020-07-17,61
2020-07-20,148
2020-07-21,92
2020-07-22,76
2020-07-23,78
2020-07-24,43
2020-07-27,75
2020-07-28,67
2020-07-29,116
2020-07-30,99
2020-07-31,123
2020-08-03,226
2020-08-04,97
2020-08-05,123
2020-08-06,103
2020-08-07,75
2020-08-10,103
2020-08-11,45
2020-08-12,58
2020-08-13,78
2020-08-14,53
2020-08-17,103
2020-08-18,90
2020-08-19,59
2020-08-20,40
2020-08-21,59
2020-08-24,49
2020-08-25,43
2020-08-26,26
2020-08-27,38
2020-08-28,44
2020-08-31,49
2020-09-01,41
2020-09-02,41
2020-09-03,34
2020-09-04,30
2020-09-07,36
2020-09-08,52
2020-09-09,34
2020-09-10,20
2020-09-11,40
2020-09-14,54
2020-09-15,35
2020-09-16,26
2020-09-17,32
2020-09-18,50
2020-09-21,30
2020-09-22,25
2020-09-23,49
2020-09-24,22
2020-09-25,29
2020-09-28,18
2020-09-29,33
2020-09-30,25
2020-10-09,87
2020-10-12,76
2020-10-13,41
2020-10-14,36
2020-10-15,27
2020-10-16,22
2020-10-19,24
2020-10-20,34
2020-10-21,22
2020-10-22,20
2020-10-23,19
2020-10-26,23
2020-10-27,19
2020-10-28,29
2020-10-29,23
2020-10-30,8
2020-11-02,36
2020-11-03,45
2020-11-04,28
2020-11-05,51
2020-11-06,21
2020-11-09,64
2020-11-10,26
2020-11-11,31
2020-11-12,40
2020-11-13,28
2020-11-16,51
2020-11-17,27
2020-11-18,31
2020-11-19,36
2020-11-20,46
2020-11-23,44
2020-11-24,33
2020-11-25,31
2020-11-26,25
2020-11-27,28
2020-11-30,27
2020-12-01,44
2020-12-02,49
2020-12-03,45
2020-12-04,38
2020-12-07,35
2020-12-08,35
2020-12-09,33
2020-12-10,30
2020-12-11,22
2020-12-14,47
2020-12-15,35
2020-12-16,27
2020-12-17,50
2020-12-18,41
2020-12-21,52
2020-12-22,36
2020-12-23,53
2020-12-24,39
2020-12-25,72
2020-12-28,65
2020-12-29,62
2020-12-30,68
2020-12-31,62
2021-01-04,112
2021-01-05,82
2021-01-06,53
2021-01-07,37
2021-01-08,53
2021-01-11,43
2021-01-12,73
2021-01-13,42
2021-01-14,70
2021-01-15,80
2021-01-18,91
2021-01-19,77
2021-01-20,80
2021-01-21,84
2021-01-22,55
2021-01-25,51
2021-01-26,55
2021-01-27,67
2021-01-28,45
2021-01-29,36
2021-02-01,85
2021-02-02,71
2021-02-03,42
2021-02-04,48
2021-02-05,51
2021-02-08,58
2021-02-09,69
2021-02-10,43
2021-02-18,103
2021-02-19,103
2021-02-22,83
2021-02-23,55
2021-02-24,46
2021-02-25,44
2021-02-26,42
2021-03-01,88
2021-03-02,38
2021-03-03,82
2021-03-04,44
2021-03-05,61
2021-03-08,55
2021-03-09,36
2021-03-10,34
2021-03-11,70
2021-03-12,48
2021-03-15,47
2021-03-16,66
2021-03-17,56
2021-03-18,59
2021-03-19,54
2021-03-22,83
2021-03-23,50
2021-03-24,59
2021-03-25,46
2021-03-26,74
2021-03-29,66
2021-03-30,60
2021-03-31,75
2021-04-01,74
2021-04-02,70
2021-04-06,81
2021-04-07,95
2021-04-08,45
2021-04-09,62
2021-04-12,70
2021-04-13,57
2021-04-14,69
2021-04-15,47
2021-04-16,77
2021-04-19,80
2021-04-20,46
2021-04-21,39
2021-04-22,46
2021-04-23,41
2021-04-26,52
2021-04-27,42
2021-04-28,64
2021-04-29,47
2021-04-30,45
2021-05-06,65
2021-05-07,50
2021-05-10,89
2021-05-11,59
2021-05-12,80
2021-05-13,48
2021-05-14,82
2021-05-17,37
2021-05-18,75
2021-05-19,59
2021-05-20,51
2021-05-21,66
2021-05-24,58
2021-05-25,51
2021-05-26,63
2021-05-27,69
2021-05-28,53
2021-05-31,91
2021-06-01,71
2021-06-02,58
2021-06-03,66
2021-06-04,51
2021-06-07,63
2021-06-08,56
2021-06-09,54
2021-06-10,67
2021-06-11,64
2021-06-15,42
2021-06-16,38
2021-06-17,51
2021-06-18,60
2021-06-21,71
2021-06-22,67
2021-06-23,53
2021-06-24,58
2021-06-25,59
2021-06-28,65
2021-06-29,47
2021-06-30,56
2021-07-01,55
2021-07-02,39
2021-07-05,73
2021-07-06,42
2021-07-07,68
2021-07-08,50
2021-07-09,68
2021-07-12,89
2021-07-13,66
2021-07-14,57
2021-07-15,51
2021-07-16,38
2021-07-19,54
2021-07-20,49
2021-07-21,87
2021-07-22,59
2021-07-23,52
2021-07-26,42
2021-07-27,28
2021-07-28,39
2021-07-29,117
2021-07-30,83
2021-08-02,99
2021-08-03,54
2021-08-04,87
2021-08-05,51
2021-08-06,60
2021-08-09,80
2021-08-10,71
2021-08-11,91
2021-08-12,67
2021-08-13,66
2021-08-16,73
2021-08-17,29
2021-08-18,72
2021-08-19,48
2021-08-20,47
2021-08-23,124
2021-08-24,68
2021-08-25,83
2021-08-26,56
2021-08-27,74
2021-08-30,78
2021-08-31,80
2021-09-01,66
2021-09-02,109
2021-09-03,52
2021-09-06,80
2021-09-07,96
2021-09-08,91
2021-09-09,74
2021-09-10,56
2021-09-13,88
2021-09-14,64
2021-09-15,92
2021-09-16,49
2021-09-17,51
2021-09-22,100
2021-09-23,70
2021-09-24,41
2021-09-27,40
2021-09-28,71
2021-09-29,19
2021-09-30,74
2021-10-08,65
2021-10-11,47
2021-10-12,36
2021-10-13,58
2021-10-14,75
2021-10-15,30
2021-10-18,75
2021-10-19,67
2021-10-20,49
2021-10-21,42
2021-10-22,41
2021-10-25,65
2021-10-26,32
2021-10-27,43
2021-10-28,39
2021-10-29,68
2021-11-01,91
2021-11-02,44
2021-11-03,47
2021-11-04,97
2021-11-05,50
2021-11-08,57
2021-11-09,60
2021-11-10,47
2021-11-11,72
2021-11-12,85
2021-11-15,78
2021-11-16,62
2021-11-17,96
2021-11-18,53
2021-11-19,70
2021-11-22,88
2021-11-23,60
2021-11-24,79
2021-11-25,59
2021-11-26,53
2021-11-29,72
2021-11-30,73
2021-12-01,88
2021-12-02,54
2021-12-03,56
2021-12-06,40
2021-12-07,52
2021-12-08,82
2021-12-09,68
2021-12-10,68
2021-12-13,79
2021-12-14,92
2021-12-15,80
2021-12-16,90
2021-12-17,87
2021-12-20,101
2021-12-21,138
2021-12-22,79
2021-12-23,71
2021-12-24,54
2021-12-27,65
2021-12-28,62
2021-12-29,65
2021-12-30,88
2021-12-31,59
2022-01-04,94
2022-01-05,49
2022-01-06,84
2022-01-07,44
2022-01-10,71
2022-01-11,58
2022-01-12,94
2022-01-13,58
2022-01-14,76
2022-01-17,112
2022-01-18,43
2022-01-19,58
2022-01-20,43
2022-01-21,49
2022-01-24,56
2022-01-25,28
2022-01-26,52
2022-01-27,14
2022-01-28,56
2022-02-07,86
2022-02-08,74
2022-02-09,96
2022-02-10,55
2022-02-11,51
2022-02-14,84
2022-02-15,56
2022-02-16,72
2022-02-17,45
2022-02-18,52
2022-02-21,101
2022-02-22,50
2022-02-23,89
2022-02-24,38
2022-02-25,60
2022-02-28,45
2022-03-01,53
2022-03-02,64
2022-03-03,76
2022-03-04,45
2022-03-07,52
2022-03-08,21
2022-03-09,46
2022-03-10,84
2022-03-11,69
2022-03-14,42
2022-03-15,30
2022-03-16,129
2022-03-17,98
2022-03-18,105
2022-03-22,79
2022-03-23,69
2022-03-24,63
2022-03-25,75
2022-03-28,62
2022-03-29,56
2022-03-30,80
2022-03-31,55
2022-04-01,71
2022-04-06,82
2022-04-07,32
2022-04-08,64
2022-04-11,53
2022-04-12,96
2022-04-13,53
2022-04-14,77
2022-04-15,38
2022-04-18,76
2022-04-19,56
2022-04-20,53
2022-04-21,32
2022-04-22,75
2022-04-25,25
2022-04-26,42
2022-04-27,137
2022-04-28,68
2022-04-29,215
2022-05-05,151
2022-05-06,85
2022-05-09,139
2022-05-10,111
2022-05-11,96
2022-05-12,80
2022-05-13,104
2022-05-16,96
2022-05-17,68
2022-05-18,97
2022-05-19,74
2022-05-20,82
2022-05-23,96
2022-05-24,43
2022-05-25,102
2022-05-26,67
2022-05-27,87
2022-05-30,95
2022-05-31,90
2022-06-01,81
2022-06-02,87
2022-06-06,85
2022-06-07,61
2022-06-08,61
2022-06-09,42
2022-06-10,94
2022-06-13,69
2022-06-14,62
2022-06-15,57
2022-06-16,66
2022-06-17,65
2022-06-20,93
2022-06-21,52
2022-06-22,72
2022-06-23,109
2022-06-24,103
2022-06-27,102
2022-06-28,129
2022-06-29,55
2022-06-30,83
2022-07-01,62
2022-07-04,79
2022-07-05,40
2022-07-06,53
2022-07-07,78
2022-07-08,67
2022-07-11,57
2022-07-12,45
2022-07-13,89
2022-07-14,68
2022-07-15,57
2022-07-18,121
2022-07-19,82
2022-07-20,85
2022-07-21,65
2022-07-22,53
2022-07-25,42
2022-07-26,59
2022-07-27,86
2022-07-28,83
2022-07-29,62
2022-08-01,84
2022-08-02,47
2022-08-03,39
2022-08-04,64
2022-08-05,61
2022-08-08,101
2022-08-09,70
2022-08-10,76
2022-08-11,71
2022-08-12,56
2022-08-15,74
2022-08-16,77
2022-08-17,66
2022-08-18,82
2022-08-19,53
2022-08-22,67
2022-08-23,69
2022-08-24,33
2022-08-25,58
2022-08-26,40
2022-08-29,60
2022-08-30,35
2022-08-31,32
2022-09-01,43
2022-09-02,63
2022-09-05,55
2022-09-06,61
2022-09-07,58
2022-09-08,42
2022-09-09,36
2022-09-13,47
2022-09-14,34
2022-09-15,27
2022-09-16,25
2022-09-19,34
2022-09-20,59
2022-09-21,43
2022-09-22,38
2022-09-23,22
2022-09-26,38
2022-09-27,70
2022-09-28,34
2022-09-29,22
2022-09-30,36
2022-10-10,31
2022-10-11,51
2022-10-12,80
2022-10-13,70
2022-10-14,96
2022-10-17,86
2022-10-18,67
2022-10-19,51
2022-10-20,51
2022-10-21,53
2022-10-24,36
2022-10-25,53
2022-10-26,78
2022-10-27,46
2022-10-28,24
2022-10-31,75
2022-11-01,82
2022-11-02,83
2022-11-03,42
2022-11-04,71
2022-11-07,62
2022-11-08,40
2022-11-09,44
2022-11-10,59
2022-11-11,60
2022-11-14,64
2022-11-15,83
2022-11-16,40
2022-11-17,60
2022-11-18,47
2022-11-21,54
2022-11-22,42
2022-11-23,45
2022-11-24,46
2022-11-25,35
2022-11-28,40
2022-11-29,96
2022-11-30,50
2022-12-01,58
2022-12-02,58
2022-12-05,53
2022-12-06,32
2022-12-07,49
2022-12-08,49
2022-12-09,41
2022-12-12,45
2022-12-13,58
2022-12-14,49
2022-12-15,33
2022-12-16,38
2022-12-19,25
2022-12-20,26
2022-12-21,27
2022-12-22,35
2022-12-23,37
2022-12-26,61
2022-12-27,47
2022-12-28,36
2022-12-29,38
2022-12-30,45
2023-01-03,96
2023-01-04,47
2023-01-05,41
2023-01-06,31
2023-01-09,40
2023-01-10,36
2023-01-11,28
2023-01-12,32
2023-01-13,33
2023-01-16,41
2023-01-17,33
2023-01-18,35
2023-01-19,29
2023-01-20,25
2023-01-30,82
2023-01-31,41
2023-02-01,71
2023-02-02,49
2023-02-03,39
2023-02-06,37
2023-02-07,41
2023-02-08,31
2023-02-09,32
2023-02-10,21
2023-02-13,41
2023-02-14,23
2023-02-15,35
2023-02-16,19
2023-02-17,27
2023-02-20,38
2023-02-21,16
2023-02-22,25
2023-02-23,22
2023-02-24,14
2023-02-27,17
2023-02-28,23
2023-03-01,28
2023-03-02,24
2023-03-03,19
2023-03-06,19
2023-03-07,19
2023-03-08,23
2023-03-09,27
2023-03-10,20
2023-03-13,33
2023-03-14,19
2023-03-15,30
2023-03-16,18
2023-03-17,32
2023-03-20,21
2023-03-21,36
2023-03-22,29
2023-03-23,20
2023-03-24,20
2023-03-27,36
2023-03-28,25
2023-03-29,17
2023-03-30,19
2023-03-31,30
2023-04-03,40
2023-04-04,24
2023-04-06,29
2023-04-07,46
2023-04-10,18
2023-04-11,30
2023-04-12,53
2023-04-13,31
2023-04-14,31
2023-04-17,33
2023-04-18,17
2023-04-19,27
2023-04-20,33
2023-04-21,11
2023-04-24,35
2023-04-25,29
2023-04-26,51
2023-04-27,34
2023-04-28,92
2023-05-04,82
2023-05-05,39
2023-05-08,57
2023-05-09,24
2023-05-10,35
2023-05-11,47
2023-05-12,24
2023-05-15,37
2023-05-16,24
2023-05-17,41
2023-05-18,44
2023-05-19,28
2023-05-22,36
2023-05-23,23
2023-05-24,42
2023-05-25,46
2023-05-26,48
2023-05-29,38
2023-05-30,40
2023-05-31,43
2023-06-01,42
2023-06-02,53
2023-06-05,45
2023-06-06,37
2023-06-07,55
2023-06-08,31
2023-06-09,64
2023-06-12,60
2023-06-13,45
2023-06-14,48
2023-06-15,40
2023-06-16,50
2023-06-19,44
2023-06-20,39
2023-06-21,36
2023-06-26,33
2023-06-27,56
2023-06-28,33
2023-06-29,53
2023-06-30,50
2023-07-03,42
2023-07-04,49
2023-07-05,26
2023-07-06,32
2023-07-07,23
2023-07-10,34
2023-07-11,36
2023-07-12,31
2023-07-13,39
2023-07-14,41
2023-07-17,28
2023-07-18,18
2023-07-19,20
2023-07-20,29
2023-07-21,33
2023-07-24,24
2023-07-25,60
2023-07-26,38
2023-07-27,24
2023-07-28,47
2023-07-31,46
2023-08-01,33
2023-08-02,25
2023-08-03,23
2023-08-04,19
2023-08-07,29
2023-08-08,32
2023-08-09,21
2023-08-10,24
2023-08-11,21
2023-08-14,25
2023-08-15,28
2023-08-16,23
2023-08-17,35
2023-08-18,28
2023-08-21,32
2023-08-22,41
2023-08-23,35
2023-08-24,33
2023-08-25,22
2023-08-28,35
2023-08-29,72
2023-08-30,36
2023-08-31,32
2023-09-01,25
2023-09-04,48
2023-09-05,19
2023-09-06,37
2023-09-07,17
2023-09-08,37
2023-09-11,27
2023-09-12,27
2023-09-13,22
2023-09-14,23
2023-09-15,32
2023-09-18,42
2023-09-19,19
2023-09-20,18
2023-09-21,17
2023-09-22,31
2023-09-25,27
2023-09-26,33
2023-09-27,35
2023-09-28,40
2023-10-09,55
2023-10-10,45
2023-10-11,37
2023-10-12,28
2023-10-13,36
2023-10-16,54
2023-10-17,28
2023-10-18,37
2023-10-19,26
2023-10-20,36
2023-10-23,36
2023-10-24,63
2023-10-25,64
2023-10-26,42
2023-10-27,75
2023-10-30,67
2023-10-31,37
2023-11-01,37
2023-11-02,29
2023-11-03,40
2023-11-06,60
2023-11-07,54
2023-11-08,53
2023-11-09,31
2023-11-10,33
2023-11-13,40
2023-11-14,38
2023-11-15,57
2023-11-16,32
2023-11-17,44
2023-11-20,59
2023-11-21,52
2023-11-22,50
2023-11-23,39
2023-11-24,31
2023-11-27,35
2023-11-28,38
2023-11-29,30
2023-11-30,27
2023-12-01,50
2023-12-04,54
2023-12-05,39
2023-12-06,38
2023-12-07,39
2023-12-08,33
2023-12-11,39
2023-12-12,43
2023-12-13,36
2023-12-14,39
2023-12-15,44
2023-12-18,36
2023-12-19,26
2023-12-20,31
2023-12-21,36
2023-12-22,20
2023-12-25,33
2023-12-26,37
2023-12-27,29
2023-12-28,59
2023-12-29,62
2024-01-02,52
2024-01-03,36
2024-01-04,39
2024-01-05,24
2024-01-08,33
2024-01-09,44
2024-01-10,38
2024-01-11,56
2024-01-12,26
2024-01-15,36
2024-01-16,32
2024-01-17,33
2024-01-18,38
2024-01-19,40
2024-01-22,17
2024-01-23,44
2024-01-24,74
2024-01-25,104
2024-01-26,60
2024-01-29,28
2024-01-30,22
2024-01-31,27
2024-02-01,30
2024-02-02,26
2024-02-05,17
2024-02-06,135
2024-02-07,93
2024-02-08,505
2024-02-19,237
2024-02-20,104
2024-02-21,131
2024-02-22,78
2024-02-23,114
2024-02-26,106
2024-02-27,97
2024-02-28,31
2024-02-29,106
2024-03-01,71
2024-03-04,73
2024-03-05,47
2024-03-06,84
2024-03-07,66
2024-03-08,63
2024-03-11,84
2024-03-12,75
2024-03-13,57
2024-03-14,41
2024-03-15,71
2024-03-18,85
2024-03-19,64
2024-03-20,81
2024-03-21,71
2024-03-22,59
2024-03-25,42
2024-03-26,61
2024-03-27,44
2024-03-28,75
2024-03-29,66
2024-04-01,79
2024-04-02,61
2024-04-03,47
2024-04-08,55
2024-04-09,60
2024-04-10,29
2024-04-11,47
2024-04-12,58
2024-04-15,25
2024-04-16,19
2024-04-17,235
2024-04-18,63
2024-04-19,56
2024-04-22,54
2024-04-23,49
2024-04-24,51
2024-04-25,43
2024-04-26,68
2024-04-29,110
2024-04-30,53
2024-05-06,88
2024-05-07,56
2024-05-08,45
2024-05-09,52
2024-05-10,37
2024-05-13,28
2024-05-14,48
2024-05-15,32
2024-05-16,41
2024-05-17,75
2024-05-20,42
2024-05-21,19
2024-05-22,39
2024-05-23,25
2024-05-24,37
2024-05-27,41
2024-05-28,28
2024-05-29,30
2024-05-30,29
2024-05-31,28
2024-06-03,16
2024-06-04,33
2024-06-05,19
2024-06-06,22
2024-06-07,58
2024-06-11,27
2024-06-12,48
2024-06-13,45
2024-06-14,25
2024-06-17,24
2024-06-18,47
2024-06-19,39
2024-06-20,31
2024-06-21,33
2024-06-24,21
2024-06-25,56
2024-06-26,52
2024-06-27,30
2024-06-28,33
2024-07-01,39
2024-07-02,50
2024-07-03,34
2024-07-04,17
2024-07-05,36
2024-07-08,19
2024-07-09,49
2024-07-10,41
2024-07-11,77
2024-07-12,35
2024-07-15,29
2024-07-16,29
2024-07-17,24
2024-07-18,38
2024-07-19,42
2024-07-22,43
2024-07-23,41
2024-07-24,30
2024-07-25,42
2024-07-26,62
2024-07-29,68
2024-07-30,61
2024-07-31,84
2024-08-01,59
2024-08-02,47
2024-08-05,46
2024-08-06,59
2024-08-07,49
2024-08-08,44
2024-08-09,32
2024-08-12,32
2024-08-13,38
2024-08-14,36
2024-08-15,48
2024-08-16,40
2024-08-19,43
2024-08-20,26
2024-08-21,39
2024-08-22,28
2024-08-23,40
2024-08-26,44
2024-08-27,30
2024-08-28,38
2024-08-29,47
2024-08-30,62
2024-09-02,32
2024-09-03,42
2024-09-04,39
2024-09-05,50
2024-09-06,32
2024-09-09,51
2024-09-10,42
2024-09-11,31
2024-09-12,36
2024-09-13,41
2024-09-18,27
2024-09-19,60
2024-09-20,48
2024-09-23,54
2024-09-24,94
2024-09-25,56
2024-09-26,143
2024-09-27,131
2024-09-30,614
2024-10-08,600
2024-10-09,44
2024-10-10,70
2024-10-11,36
2024-10-14,108
2024-10-15,56
2024-10-16,89
2024-10-17,53
2024-10-18,116
2024-10-21,134
2024-10-22,109
2024-10-23,98
2024-10-24,89
2024-10-25,160
2024-10-28,230
2024-10-29,116
2024-10-30,148
2024-10-31,186
2024-11-01,98
2024-11-04,143
2024-11-05,171
2024-11-06,132
2024-11-07,190
2024-11-08,118
2024-11-11,157
2024-11-12,83
2024-11-13,66
2024-11-14,33
2024-11-15,67
2024-11-18,81
2024-11-19,95
2024-11-20,151
2024-11-21,105
2024-11-22,70
2024-11-25,154
2024-11-26,91
2024-11-27,98
2024-11-28,91
2024-11-29,128
2024-12-02,165
2024-12-03,116
2024-12-04,85
2024-12-05,129
2024-12-06,120
2024-12-09,104
2024-12-10,109
2024-12-11,145
2024-12-12,139
2024-12-13,97
2024-12-16,100
2024-12-17,27
2024-12-18,98
2024-12-19,74
2024-12-20,83
2024-12-23,31
2024-12-24,75
2024-12-25,37
2024-12-26,95
2024-12-27,66
2024-12-30,41
2024-12-31,46
2025-01-02,58
2025-01-03,45
2025-01-06,59
2025-01-07,92
2025-01-08,66
2025-01-09,86
2025-01-10,38
2025-01-13,45
2025-01-14,132
2025-01-15,65
2025-01-16,71
2025-01-17,57
2025-01-20,71
2025-01-21,46
2025-01-22,39
2025-01-23,40
2025-01-24,66
2025-01-27,39
2025-02-05,76
2025-02-06,88
2025-02-07,79
2025-02-10,118
2025-02-11,69
2025-02-12,81
2025-02-13,64
2025-02-14,78
2025-02-17,101
2025-02-18,46
2025-02-19,107
2025-02-20,93
2025-02-21,110
2025-02-24,85
2025-02-25,56
2025-02-26,97
2025-02-27,74
2025-02-28,44
2025-03-03,60
2025-03-04,76
2025-03-05,62
2025-03-06,108
2025-03-07,51
2025-03-10,78
2025-03-11,53
2025-03-12,77
2025-03-13,43
2025-03-14,81
2025-03-17,65
2025-03-18,65
2025-03-19,47
2025-03-20,62
2025-03-21,47
2025-03-24,48
2025-03-25,47
2025-03-26,74
2025-03-27,49
2025-03-28,32
2025-03-31,34
2025-04-01,55
2025-04-02,40
2025-04-03,51
2025-04-07,22
2025-04-08,120
2025-04-09,112
2025-04-10,149
2025-04-11,83
2025-04-14,102
2025-04-15,57
2025-04-16,45
2025-04-17,86
2025-04-18,59
2025-04-21,100
2025-04-22,80
2025-04-23,61
2025-04-24,52
2025-04-25,65
2025-04-28,40
2025-04-29,59
2025-04-30,71
2025-05-06,98
2025-05-07,64
2025-05-08,65
2025-05-09,33
2025-05-12,50
2025-05-13,48
2025-05-14,61
2025-05-15,49
2025-05-16,56
2025-05-19,83
2025-05-20,75
2025-05-21,54
2025-05-22,40
2025-05-23,41
2025-05-26,61
2025-05-27,62
2025-05-28,57
2025-05-29,106
2025-05-30,41
2025-06-03,67
2025-06-04,71
2025-06-05,65
2025-06-06,50
2025-06-09,64
2025-06-10,43
2025-06-11,50
2025-06-12,64
2025-06-13,56
2025-06-16,55
2025-06-17,45
2025-06-18,40
2025-06-19,34
2025-06-20,44
2025-06-23,71
2025-06-24,71
2025-06-25,66
2025-06-26,61
2025-06-27,54
2025-06-30,78
2025-07-01,63
2025-07-02,59
2025-07-03,61
2025-07-04,39
2025-07-07,67
2025-07-08,67
2025-07-09,53
2025-07-10,59
2025-07-11,60
2025-07-14,63
2025-07-15,42
2025-07-16,55
2025-07-17,58
2025-07-18,45
2025-07-21,117
2025-07-22,99
2025-07-23,49
2025-07-24,72
2025-07-25,45
2025-07-28,55
2025-07-29,43
2025-07-30,48
2025-07-31,43
2025-08-01,40
2025-08-04,55
2025-08-05,53
2025-08-06,62
2025-08-07,59
2025-08-08,61
2025-08-11,78
2025-08-12,51
2025-08-13,92
2025-08-14,44
2025-08-15,85
2025-08-18,103
2025-08-19,85
2025-08-20,85
2025-08-21,43
2025-08-22,69
2025-08-25,76
2025-08-26,71
2025-08-27,41
2025-08-28,57
2025-08-29,63
2025-09-01,102
2025-09-02,42
2025-09-03,32
2025-09-04,37
2025-09-05,91
2025-09-08,69
2025-09-09,49
2025-09-10,47
2025-09-11,87
2025-09-12,65
2025-09-15,67
2025-09-16,70
2025-09-17,67
2025-09-18,53
2025-09-19,50
2025-09-22,65
2025-09-23,50
2025-09-24,77
2025-09-25,41
2025-09-26,46
2025-09-29,53
2025-09-30,52
2025-10-09,86
2025-10-10,56
2025-10-13,58
2025-10-14,37
2025-10-15,65
2025-10-16,40
2025-10-17,37
2025-10-20,75
2025-10-21,76
2025-10-22,56
2025-10-23,58
2025-10-24,57
2025-10-27,50
2025-10-28,57
2025-10-29,56
2025-10-30,46
2025-10-31,57
2025-11-03,66
2025-11-04,50
2025-11-05,66
2025-11-06,62
2025-11-07,53
2025-11-10,71
2025-11-11,66
2025-11-12,58
2025-11-13,85
2025-11-14,70
2025-11-17,85
2025-11-18,45
2025-11-19,54
2025-11-20,41
2025-11-21,28
2025-11-24,66
2025-11-25,77
2025-11-26,68
2025-11-27,53
2025-11-28,70
2025-12-01,63
2025-12-02,47
2025-12-03,48
2025-12-04,38
2025-12-05,73
2025-12-08,74
2025-12-09,53
2025-12-10,56
2025-12-11,32
2025-12-12,77
2025-12-15,57
2025-12-16,40
